"Terms","Frequency"
"remote sensing",43
"deep learning",21
"citizen science",17
"digital humanities",13
"machine learning",13
"radar",13
"image",12
"classification",10
"generalization",10
"3d",9
"land use/cover",9
"visualisation",9
"gis",8
"point cloud",8
"quality",8
"data",7
"mapping",7
"semantics",7
"time series",7
"cartography",6
"photogrammetry",6
"segmentation",6
"urban development",6
"agriculture",5
"displacement",5
"fusion",5
"map generalisation",5
"analysis",4
"buildings",4
"city model",4
"clustering",4
"interferometric coherence",4
"vegetation",4
"zoom",4
"digital twin",3
"dsm/dtm",3
"estimation",3
"forest",3
"land-cover mapping",3
"large-scale",3
"model",3
"multi-modal data and",3
"pose estimation",3
"translation",3
"uav",3
"uncertainty",3
"3d printing",2
"3d segments",2
"assessment",2
"benchmarking",2
"calibration",2
"change detection",2
"coherence",2
"collaborative",2
"content",2
"cross-domain",2
"data combination",2
"data dating and geolocalization",2
"data enrichment",2
"data integration",2
"data matching",2
"deep",2
"detection and area estimation",2
"digital",2
"error",2
"evaluation",2
"feature selection",2
"geospatial descriptors",2
"glacier",2
"gnss",2
"grasslands",2
"guidelines",2
"harmonization",2
"hci",2
"insar",2
"interferometric",2
"landmarks",2
"language",2
"machine",2
"missing data",2
"monitoring",2
"mountain rescue",2
"multi-modal time series analysis",2
"multi-temporal",2
"multi-temporal rendering",2
"multimedia indexing and retrieval",2
"multimodality",2
"ocean color",2
"openstreetmap",2
"operational",2
"optimisation",2
"ransac",2
"recognition",2
"reconstruction",2
"registration",2
"regression",2
"regularization",2
"resolution",2
"rolling shutter",2
"satellite image time series",2
"scale",2
"semantic",2
"semi-arid area",2
"simulated annealing",2
"spatial analysis",2
"supervised",2
"surface soil moisture",2
"tactile map",2
"tohoku tsunami",2
"vandalism",2
"very high spatial resolution",2
"wheat crops",2
"(vgi)",1
"<bold>ccs concepts</bold>",1
"03d analysis",1
"2d",1
"3-d reconstruction",1
"3d geovisualization",1
"3d web application",1
"abstracts",1
"adaptative coherent pseudocorrelation",1
"address",1
"admm",1
"aerial imagery",1
"algorithm",1
"alpine glaciers",1
"analogue photography",1
"and machine learning",1
"angular gaussian distributions",1
"animal communication",1
"annotation",1
"annotation cost",1
"anomaly detection",1
"anoxia",1
"armed conflict",1
"asar",1
"asthenosphere",1
"atom interferometry",1
"audibility maps",1
"audibility of sound sources",1
"augmented reality",1
"augmented reality (ar)",1
"authoritative geographic data",1
"authors",1
"autism spectrum disorder (asd)",1
"automated aerial multi-epoch georeferencing",1
"automation",1
"autonomous driving",1
"basal crop coefficient",1
"bay of bonny",1
