"Jumeaux numériques nationaux, retours d’expérience d’agences cartographiques";"";"2023"
"Reconstitution automatique de la généalogie des parcelles et des bâtiments à partir de sources historiques";"";"2023"
"Création d’une base de connaissances topographiques à partir des "Instructions nautiques";"";"2023"
"Création de bases de connaissances à partir de sources hétérogènes: application aux Instructions nautiques";"";"2022"
"Fonds photographiques et métadonnées associées : de jeux de données hétérogènes et massifs à un graphe de ressources liées exploitable sur le Web";"";"2022"
"Explorer la théorie des ancres et les espaces cognitifs dans la cartographie multi-échelle";"";"2022"
"Indexation et recherche d'images multimodales dans le projet ALEGORIA : méthodes et outils pour croiser les sources iconographiques de la Reconstruction";"";"2021"
"Lessons learned from a VGI initiative for Land Use monitoring";"";"2021"
"Création d’une base de connaissances sur les redécoupages administratifs durant la Révolution française: l’exemple des paroisses constitutionnelles";"";"2019"
"Color Theory";"";"2019"
"iTowns, le nouveau moteur de visualisation 3D de données géospatiales du Géoportail";"";"2019"
"Une approche adaptative pour lier des données géoréférencées du Web";"";"2018"
"Génération automatique de courbes de niveaux dans les zones de plateaux karstiques";"";"2021"
"Assuring the quality of VGI on land use and land cover: experiences and learnings from the LandSense project";"";"2023"
"SALT: A multifeature ensemble learning framework for mapping urban functional zones from VGI data and VHR images";"";"2023"
"More is less - Adding zoom levels in multi-scale maps to reduce the need for zooming interactions";"";"2023"
"GeoDanceHive: An Operational Hive for Honeybees Dances Recording";"";"2023"
"2D/3D data fusion for the comparative analysis of the vaults of Notre-Dame de Paris before and after the fire";"";"2023"
"Le City Information Modelling (CIM) au service d’un projet urbain : retour d’expérience sur la première phase de mise en œuvre du CIM d’un quartier";"";"2023"
"Are the C-band backscattering coefficient and interferometric coherence suitable substitutes of NDVI for the monitoring of the FAO-56 crop coefficient?";"";"2023"
"Comment rendre compte des expériences sensibles ?";"";"2023"
"Is the radial distance really a distance? An analysis of its properties and interest for the matching of polygon features";"";"2023"
"Brief communication: Glacier mapping and change estimation using very high-resolution declassified Hexagon KH-9 panoramic stereo imagery (1971–1984)";"";"2023"
"Case study on the audibility of siren-driven alert systems";"";"2023"
"Land cover and crop types mapping using different spatial resolution imagery in a Mediterranean irrigated area";"";"2023"
"Evaluating Surface Mesh Reconstruction Using Real Data";"";"2023"
"Deriving map images of generalised mountain roads with generative adversarial networks";"";"2023"
"Where Am I Now? Modelling Disorientation in Pan-Scalar Maps";"";"2023"
"DeepMapScaler: a workflow of deep neural networks for the generation of generalised maps";"";"2023"
"A global long-term, high-resolution satellite radar backscatter data record (1992-2022+): merging C-band ERS/ASCAT and Ku-band QSCAT";"";"2023"
"Missing the city for buildings? A critical review of pan-scalar map generalization and design in contemporary zoomable maps";"";"2023"
"Determination of Bayesian Cramér–Rao Bounds for Estimating Uncertainties in the Bio-Optical Properties of the Water Column, the Seabed Depth and Composition in a Coastal Environment";"";"2023"
"ChatGPT pour la géomatique, potentiel d’utilisation et limites";"";"2023"
"Multi-nomenclature, multi-resolution joint translation: an application to land-cover mapping";"";"2023"
"Incorporating ideas of structure and meaning in interactive multi scale mapping environments";"";"2023"
"Constrained DTW preserving shapelets for explainable time-Series clustering";"";"2023"
"Completeness Assessment and Improvement in Mobile Crowd-Sensing Environments";"";"2022"
"A Pipeline for Automated Processing of Declassified Corona KH-4 (1962–1972) Stereo Imagery";"";"2022"
"Constraint-Based Evaluation of Map Images Generalized by Deep Learning";"";"2022"
"C-band Scatterometer (CScat): the first global long-term satellite radar backscatter data set with a C-band signal dynamic";"";"2022"
"Experiencing virtual geographic environment in urban 3D participatory e-planning: A user perspective";"";"2022"
"Multi-Criteria Geographic Analysis for Automated Cartographic Generalization";"";"2022"
"Increasing and widespread vulnerability of intact tropical rainforests to repeated droughts";"";"2022"
"Semi-automatic development of thematic tactile maps";"";"2022"
"GisGCN: A Visual Graph-Based Framework to Match Geographical Areas through Time";"";"2022"
"Parcel Manager: a parcel reshaping model incorporating design rules of residential development";"";"2022"
"Potential and Limitation of PlanetScope Images for 2-D and 3-D Earth Surface Monitoring With Example of Applications to Glaciers and Earthquakes";"";"2022"
"Guidelines for Standardizing the Design of Tactile Maps: A Review of Research and Best Practice";"";"2022"
"3D geovisualization for visual analysis of urban climate";"";"2022"
"Exploring digital twin adaptation to the urban environment: comparison with CIM to avoid silo-based approaches";"";"2022"
"An agent-based model for modal shift in public transport";"";"2022"
"CrossroadsDescriber – Automatic Textual Description of OpenStreetMap Intersections";"";"2022"
"La bathymétrie ancienne au service de l’étude de tsunamis inexpliqués : le cas du pertuis d’Antioche (1785, 1875, 1882)";"";"2022"
"Relevé 2D & 3D du marégraphe de Marseille";"";"2022"
"Trade-offs between sustainable development goals in systems of cities";"";"2022"
"Validation of a corner reflector installation at Côte d’Azur multi-technique geodetic observatory";"";"2022"
"Integration of radar and optical sentinel images for land use mapping in a complex landscape (case study: Arasbaran Protected Area)";"";"2022"
"Calibration of a light hemispherical radiance field imaging system";"";"2022"
"Predicting Vegetation Stratum Occupancy from Airborne LiDAR Data with Deep Learning";"";"2022"
"Neural map style transfer exploration with GANs";"";"2022"
"Hyperspectral imagery and urban areas: results of the HYEP project";"";"2022"
"Connecting Images through Sources: Exploring Low-Data, Heterogeneous Instance Retrieval";"";"2021"
"Mapping and characterizing animals’ places of interest in forest environment";"";"2021"
"Geographically masking addresses to study COVID-19 clusters";"";"2021"
"Towards Culture-Aware Smart and Sustainable Cities: Integrating Historical Sources in Spatial Information Infrastructures";"";"2021"
"Toward a Yearly Country-Scale CORINE Land-Cover Map without Using Images: A Map Translation Approach";"";"2021"
"Place names in Spanish Republican Life Stories: spatial patterns in locations and perceptions";"";"2021"
"ReBankment: Displacing Embankment Lines From Roads and Rivers With a Least Squares Adjustment";"";"2021"
"Investigating operational country-level crop monitoring with Sentinel~1 and~2 imagery";"";"2021"
"Performance analysis of low-cost GNSS stations for structural health monitoring of civil engineering structures";"";"2021"
"Compensating over- and underexposure in optical target pose determination";"";"2021"
"Scalable Surface Reconstruction with Delaunay-Graph Neural Networks";"";"2021"
"Feature matching for multi-epoch historical aerial images";"";"2021"
"Crop Rotation Modeling for Deep Learning-Based Parcel Classification from Satellite Time Series";"";"2021"
"Fast estimation for robust supervised classification with mixture model";"";"2021"
"UAV-based canopy height modeling under leaf-on and leaf-off conditions for determining tree height and crown diameter (Case study: Hyrcanian mixed forest)";"";"2021"
"Recurrent-based regression of Sentinel time series for continuous vegetation monitoring";"";"2021"
"A Review of Spatial Imprecision Modelisation Methods";"";"2021"
"EVALUATING URBAN INTENSITY THROUGH A CITY INFORMATION MODEL – INTERMEDIATE RESULTS FROM AN ACTION RESEARCH PROJECT";"";"2021"
"SAR data for tropical forest disturbance alerts in French Guiana: Benefit over optical imagery";"";"2021"
"Improving Image Description with Auxiliary Modality for Visual Localization in Challenging Conditions";"";"2021"
"Monitoring of wheat crops using the backscattering coefficient and the interferometric coherence derived from Sentinel-1 in semi-arid areas";"";"2020"
"Modalflow: Cross-Origin Flow Data Visualization for Urban Mobility";"";"2020"
"Exploring the Potential of Deep Learning Segmentation for Mountain Roads Generalisation";"";"2020"
"Complex deformation at shallow depth during the 30 October 2016 Mw6.5 Norcia earthquake: interference between tectonic and gravity processes?";"";"2020"
"Comparative study of photogrammetry software in industrial field";"";"2020"
"Traffic signal detection from in-vehicle GPS speed profiles using functional data analysis and machine learning";"";"2020"
"Use of Automated Change Detection and VGI Sources for Identifying and Validating Urban Land Use Change";"";"2020"
"A two-step approach for the correction of rolling shutter distortion in UAV photogrammetry";"";"2020"
"Deep Learning for Enrichment of Vector Spatial Databases: Application to Highway Interchange";"";"2020"
"Designing Multi-Scale Maps: Lessons Learned from Existing Practices";"";"2020"
"Mapping quality prediction for RTK/PPK-equipped micro-drones operating in complex natural environment";"";"2020"
"Semantic Signatures for Large-scale Visual Localization";"";"2020"
"Coastline Change Modelling Induced by Climate Change Using Geospatial Techniques in Togo (West Africa)";"";"2020"
"A data fusion-based framework to integrate multi-source VGI in an authoritative land use database";"";"2020"
"Extended Reality in Spatial Sciences: A Review of Research Challenges and Future Directions";"";"2020"
"Shoreline Extraction from WorldView2 Satellite Data in the Presence of Foam Pixels Using Multispectral Classification Method";"";"2020"
"Foreword to the Special Issue on Paving the Way for the Future of Urban Remote Sensing";"";"2020"
"A Change of Theme: The Role of Generalization in Thematic Mapping";"";"2020"
"Génération de cartes tactiles photoréalistes pour personnes déficientes visuelles par apprentissage profond";"";"2020"
"OSMWatchman: Learning How to Detect Vandalized Contributions in OSM Using a Random Forest Classifier";"";"2020"
"Flex-ER: A Platform to Evaluate Interaction Techniques for Immersive Visualizations";"";"2020"
"Comparing supervised learning algorithms for Spatial Nominal Entity recognition";"";"2020"
"Conciliating Perspectives from Mapping Agencies and Web of Data on Successful European SDIs: Toward a European Geographic Knowledge Graph";"";"2020"
"Assessing historical maps for characterizing fluvial corridor changes at a regional network scale";"";"2020"
"CAMERA CALIBRATION MODELS AND METHODS FOR CORRIDOR MAPPING WITH UAVS";"";"2020"
"FUSION OF PHOTO WITH AIRBORNE LASER SCANNING";"";"2020"
"Improved Crop Classification with Rotation Knowledge using Sentinel-1 and -2 Time Series";"";"2020"
"City-descriptive input data for urban climate models: Model requirements, data sources and challenges";"";"2020"
"Mapping the French green infrastructure – an exercise in homogenizing heterogeneous regional data";"";"2020"
"Analysis of collaboration networks in OpenStreetMap through weighted social multigraph mining";"";"2019"
"Principes et avancées de l’interférométrie d’images radar pour la mesure de la topographie et des déplacements du sol";"";"2019"
"Potential of crowdsourced data for integrating landmarks and routes for rescue in mountain areas";"";"2019"
"Can we characterize river corridor evolution at a continental scale from historical topographic maps? A first assessment from the comparison of four countries";"";"2019"
"Récits d’immigration, sources orales et cartographie des émotions : le projet MATRICIEL";"";"2019"
"Partial Linear NMF-Based Unmixing Methods for Detection and Area Estimation of Photovoltaic Panels in Urban Hyperspectral Remote Sensing Data";"";"2019"
"A factor model approach for the joint segmentation with between-series correlation";"";"2019"
"Cyclic asymptotic behaviour of a population reproducing by fission into two equal parts";"";"2019"
"Is deep learning the new agent for map generalization?";"";"2019"
"A hidden Markov model for matching spatial networks";"";"2019"
"Coastal Sea Level and Related Fields from Existing Observing Systems";"";"2019"
"Sensitivity of GPS tropospheric estimates to mesoscale convective systems in West Africa";"";"2019"
"Place and Sentiment-based Life story Analysis";"";"2019"
"Simulation and Analysis of Photogrammetric UAV Image Blocks—Influence of Camera Calibration Error";"";"2019"
"A learning approach to evaluate the quality of 3D city models";"";"2019"
"Comparaison entre les notions radiométriques utilisées en optique et radar";"";"2019"
"Polarimétrie radar complète et partielle pour le suivi des surfaces terrestres";"";"2019"
"Observation et suivi de déformations de surface d’origine anthropique par interférométrie radar satellitaire";"";"2019"
"New method for environmental monitoring in armed conflict zones: a case study of Syria";"";"2019"
"Objets et relations spatiales composites et prise en compte du vague pour interpréter un référencement spatial indirect";"";"2019"
"Télédétection radar: de l'image d'intensité initiale au choix du mode de calibrations des coefficients de diffusion: b°, s°, g°";"";"2019"
"Comparaison entre les notions radiométriques utilisées en optique et en radar";"";"2019"
"Retrieving soil surface roughness with the Hapke photometric model: Confrontation with the ground truth";"";"2019"
"Improvement of photogrammetric accuracy by modeling and correcting the thermal effect on camera calibration";"";"2019"
"Monitoring Suspended Particle Matter Using GOCI Satellite Data After the Tohoku (Japan) Tsunami in 201";"";"2019"
"Designing Geovisual Analytics Environments and Displays with Humans in Mind";"";"2019"
"Ship identification and characterization in Sentinel-1 SAR images with multi-task deep learning";"";"2019"
"Integration of Corner Reflectors for the Monitoring of Mountain Glacier Areas with Sentinel-1 Time Series";"";"2019"
"Le vandalisme dans l’information géographique volontaire";"";"2019"
"A Filtering-Based Approach for Improving Crowdsourced GNSS Traces in a Data Update Context";"";"2019"
"Contextual Filtering Methods based on the Subbands and Subspaces Decomposition of Complex SAR Interferograms";"";"2019"
"Place and Sentiment-based Life story Analysis";"";"2019"
"The Orthographic Projection Model for Pose Calibration of Long Focal Images";"";"2019"
"Automatic derivation of on-demand tactile maps for visually impaired people: first experiments and research agenda";"";"2019"
"Global IWV trends and variability in atmospheric reanalyses and GPS observations";"";"2018"
"Search for tensor, vector, and scalar polarizations in the stochastic gravitational-wave background";"";"2018"
"Comparison of total water vapour content in the Arctic derived from GNSS, AIRS, MODIS and SCIAMACHY";"";"2018"
"Sea-Land Interdependence in the Global Maritime Network: the Case of Australian Port Cities";"";"2018"
"Fusion tardive d’images SPOT 6/7 et de données multitemporelles Sentinel-2 pour la détection de la tache urbaine";"";"2018"
"GNSS-Assisted Integrated Sensor Orientation with Sensor Pre-Calibration for Accurate Corridor Mapping";"";"2018"
"Unsupervised detection of ruptures in spatial relationships in video sequences based on log-likelihood ratio";"";"2018"
"Foreword to the theme issue on geospatial computer vision";"";"2018"
"High Performance Clocks and Gravity Field Determination";"";"2018"
"Does Long-Term GPS in the Western Alps Finally Confirm Earthquake Mechanisms?";"";"2018"
"Using kites for 3-D mapping of gullies at decimetre-resolution over several square kilometres: a case study on the Kamech catchment, Tunisia";"";"2018"
"Vers une remise en géométrie automatique des prises de vue aériennes historiques photogrammétriques";"";"2018"
"Diffusion and inpainting of reflectance and height LiDAR orthoimages";"";"2018"
"Editorial pour le numéro spécial CFPT'2018";"";"2018"
"Migrating pattern of deformation prior to the Tohoku-Oki earthquake revealed by GRACE data";"";"2018"
"Range-Image: Incorporating sensor topology for LiDAR point cloud processing";"";"2018"
"3D reconstruction from multi-view VHR-satellite images in MicMac";"";"2018"
"Historical collaborative geocoding";"";"2018"
"Unmixing Polarimetric Radar Images Based on Land Cover Type Identified by Higher Resolution Optical Data Before Target Decomposition: Application to Forest and Bare Soil";"";"2018"
"A DERIVATION OF THE VLASOV-STOKES SYSTEM FOR AEROSOL FLOWS FROM THE KINETIC THEORY OF BINARY GAS MIXTURES";"";"2018"
"All-sky search for long-duration gravitational wave transients in the first Advanced LIGO observing run";"";"2018"
"Second Iteration of Photogrammetric Processing to Refine Image Orientation with Improved Tie-Points †";"";"2018"
"Thermohaline Contribution of the Caspian Sea Water Dynamic";"";"2018"
"Multi‐scale observations of atmospheric moisture variability in relation to heavy precipitating systems in the northwestern Mediterranean during HyMeX IOP12";"";"2018"
"Experiments to Distribute and Parallelize Map Generalization Processes";"";"2018"
"Foreword to the Special Issue on Urban Remote Sensing for Smarter Cities";"";"2018"
"An Experimental Framework for Integrating Citizen and Community Science into Land Cover, Land Use, and Land Change Detection Processes in a National Mapping Agency";"";"2018"
"3D urban data to assess local urban regulation influence";"";"2018"
"A survey on Visual-Based Localization: On the benefit of heterogeneous data";"";"2018"
"Potential of Sentinel-1 Data for Monitoring Temperate Mixed Forest Phenology";"";"2018"
"Classification à très large échelle d'images satellite à très haute résolution spatiale par réseaux de neurones convolutifs";"";"2018"
"First Search for Nontensorial Gravitational Waves from Known Pulsars";"";"2018"
"Machine Learning Models Applied to a GNSS Sensor Network for Automated Bridge Anomaly Detection";"";"2022"
"Exploring Space During Lockdown Based on Maps";"";"2021"
"Restoring the Shantytowns of Nanterre: Benefits of a 3D Visualisation Tool for a Social Sciences Project";"";"2021"
"Quels sont les effets des dynamiques urbaines sur les dynamiques écologiques ? Intégrer les enjeux de la séquence ERC dans la planification territoriale par la modélisation ; application à la région Occitanie";"";"2020"
"Use Driven Assessment of GKI requirements : Engaging with education communities";"";"2023"
"Preserving Geodata at IGN-France: Engaging with Users to Increase the Value and Visibility of Geodata Archive";"";"2023"
"Décrire des photographies aériennes anciennes sur le Web de données : l'expérience du projet ANR ALEGORIA";"";"2022"
"Is Map Generalisation a Computational Cartography Problem?";"";"2022"
"Navigation immersive dans des images historiques (ANR ALEGORIA)";"";"2021"
"Diffusion en ligne de leurs fonds historiques par des agences cartographiques en Europe : pratiques et enjeux";"";"2021"
"Navigation immersive dans des photographies historiques (ANR ALEGORIA)";"";"2021"
"Création d’une base de connaissances sur les redécoupages administratifs durant la Révolution française: l’exemple des paroisses constitutionnelles";"";"2019"
"Geometric Multi-Wavelet Total Variation for SAR Image Time Series Analysis";"";"2018"
"Salient building detection using multimodal deep learning";"";"2023"
"Generalisation Constraint Monitors to Assess Tactile Maps";"";"2023"
"Modélisation par photogrammétrie de maquettes de ponts historiques : problèmes méthodologiques et perspectives";"";"2023"
"Extraction de données, Approche du projet SoDUCo : De l’image d’annuaire du commerce ancien au graphe de données interrogeable";"";"2023"
"News on the progress of the ANR SO-DRIIHM open science project Promote Open Science within the DRIIHM. Interdisciplinary Research Facility on Human-Environment Interactions: Co-design of an e-infrastructure implementing the FAIR Principles";"";"2023"
"LOW SUPERVISION" DEEP CLUSTER CHANGE DETECTION (CDCLUSTER) ON REMOTE SENSING RGB DATA: TOWARDS THE UNSUPERVISING CLUSTERING FRAMEWORK";"";"2023"
"Les données géohistoriques produites au cours du programme SoDUCo. Évaluation d’une « source numérique »";"";"2023"
"A classification model for the inference of spatial precision of OpenStreetMap buildings with intrinsic indicators.";"";"2023"
"Multiscalar models for systems of cities";"";"2023"
"SoDUCo : croisement de sources géo-historiques pour l'étude de l'évolution de Paris de 1789 à 1950";"";"2023"
"Création d'un graphe de connaissances géohistorique à partir d'annuaires du commerce parisien du XIXe siècle: application aux métiers de la photographie";"";"2023"
"Le signalement des documents cartographiques : métadonnées et autorités géographiques";"";"2023"
"GeoMultiTaskNet: remote sensing unsupervised domain adaptation using geographical coordinates";"";"2023"
"Geolocation of a panoramic camera by reference pairing";"";"2023"
"Le pont de Schaffhausen renaît de ses cendres dans un jumeau numérique 4D";"";"2023"
"Text-to-map generation: an exploration of current potentials";"";"2023"
"Cartagen4py, an open source Python library for map generalisation";"";"2023"
"Exploring and optimising infectious disease policies with a stylised agent-based model";"";"2023"
"Progressive river network selection for pan-scalar maps";"";"2023"
"A collaborative dashboard to study periurban densification";"";"2023"
"Experiments in the automatic segmentation of anchors using deep learning techniques";"";"2023"
"Does Generalisation Matters in Pan-Scalar Maps?";"";"2023"
"Multi-Layer Modeling of Dense Vegetation from Aerial LiDAR Scans";"";"2022"
"Spécification et qualité du réseau cyclable, application à la recherche d'itinéraires";"";"2022"
"Automatic algorithm for georeferencing historical-to-nowadays aerial images acquired in natural environments";"";"2022"
"AI4GEO: A Path From 3D Model to Digital Twin";"";"2022"
"Le système référence de coordonnées de Paris, levé géométriquement par le citoyen Verniquet";"";"2022"
"Editing maps of landscape elements according to their potential influence on animals by combining multi-source data: a case study about red foxes in urban environment";"";"2022"
"Radiometric heterogeneity problems in ortho-mapping";"";"2022"
"ATLANTIS : l’ontologie qui modélise les connaissances contenues dans les Instructions nautiques";"";"2022"
"Improving Local Adaptive Filtering Method Employed in Radiometric Correction of Analogue Airborne Campaigns";"";"2022"
"Implementation of the log-transformed band ratio algorithm on images of WorldView-3 and Sentinel-2 for bathymetry mapping of a pocket beach of Malta";"";"2022"
"Geometric and radiometric processing of historical aerial photogrammetric campaigns";"";"2022"
"Online Segmentation of LiDAR Sequences: Dataset and Algorithm";"";"2022"
"Deep Surface Reconstruction from Point Clouds with Visibility Information";"";"2022"
"Schematizing Crossroads from Abstract Textual Descriptions";"";"2022"
"Perceiving, mapping and sharing of urban space: an experiment of sensitive mapping based on observation filters";"";"2022"
"Preface: the 2022 edition of the XXIVth ISPRS Congress";"";"2022"
"Une approche pour la création d’un graphe spatio-temporel à partir des données extraites des annuaires : application aux photographes";"";"2022"
"Annotation sémantique pour la géolocalisation d'entités spatiales dans des tweets";"";"2022"
"Classification of Vegetation classes by using Time Series of Sentinel-2 images for large scale mapping in Cameroon";"";"2022"
"Extraction automatique d’informations dans les annuaires commerciaux parisiens";"";"2022"
"LANDSLIDE EVOLUTION PATTERN REVEALED BY MULTI-TEMPORAL DSMS OBTAINED FROM HISTORICAL AERIAL IMAGES";"";"2022"
"A Model You Can Hear: Audio Identification with Playable Prototypes";"";"2022"
"AI4GEO: A data intelligence platform for 3D geospatial mapping";"";"2021"
"Introducing the Boundary-Aware loss for deep image segmentation";"";"2021"
"Construction d’une mémoire des sites pollués : Fusion de bases de données et extraction d’événements";"";"2021"
"Panoptic Segmentation of Satellite Image Time Series with Convolutional Temporal Attention Networks";"";"2021"
"Mapping road crossings for visually impaired people";"";"2021"
"Évaluation de l'éclairement du ciel et l'éclairement réfléchi du bâtiment dans les ombres";"";"2021"
"Assessing the Interest of a Multi-Modal Gap-Filling Strategy for Monitoring Changes in Grassland Parcels";"";"2021"
"Can Graph Convolution Networks Learn Spatial Relations?";"";"2021"
"Reprocessing of the Hartebeesthoek 2014 co-location survey";"";"2021"
"Analyse du discours citoyen : transitions démocratique et écologique";"";"2021"
"Representing Shape Collections with Alignment-Aware Linear Models";"";"2021"
"Le fonds de la Photothèque nationale de l’IGN";"";"2021"
"Le projet ALEGORIA";"";"2021"
"Les métadonnées des collections photographiques : de plusieurs jeux de données hétérogènes à un graphe d'entités liées exploitable";"";"2021"
"Analysing 18th century hydrographic data: a campaign in the Bay of Biscay, 1750-1751";"";"2021"
"Leveraging Class Hierarchies with Metric-Guided Prototype Learning";"";"2021"
"Preface: the 2021 edition of the XXIVth ISPRS congress";"";"2021"
"Contextual Land-Cover Map Translation with Semantic Segmentation";"";"2021"
"Enjeux en géomatiques posés par la conception de services climatiques urbains, le projet URCLIM";"";"2021"
"Les métadonnées des collections photographiques : de plusieurs jeux de données hétérogènes à un graphe d'entités liées exploitable";"";"2021"
"An efficient representation of 3D buildings: application to the evaluation of city models";"";"2021"
"CNN semantic segmentation to retrieve past land cover out of historical orthoimages and DSM: first experiments";"";"2020"
"On the joint exploitation of optical and SAR imagery for grassland monitoring.";"";"2020"
"Current challenges in operational very high resolution land-cover mapping";"";"2020"
"L’extraction d’informations spatiales pour l’exploitation des instructions nautiques à grande échelle, une action faisant collaborer l’IGN, le SHOM et le laboratoire GERiiCO";"";"2020"
"Classification of time series of Sentinel-2 images for large scale mapping in Cameroon";"";"2020"
"Fusion entre bases de données hétérogènes concernant la pollution des sols";"";"2020"
"Alignement de bases de données pour l'extraction d'informations concernant les sols pollués";"";"2020"
"MapGenOnto: A Shared Ontology for Map Generalisation and Multi-Scale Visualisation";"";"2020"
"SemCity Toulouse: A benchmark for building instance segmentation in satellite images";"";"2020"
"Exploiting multi-camera constraints within bundel block adjustment : an experimental comparison";"";"2020"
"Geovisualization: multidimensional exploration of the territory";"";"2020"
"LandSense : coupling citizen science and earth observation data to promote environmental monitoring";"";"2020"
"Can SPOT-6/7 CNN semantic segmentation improve Sentinel-2 based Land Cover products? Sensor assessment and fusion";"";"2020"
"HYEP HYperspectral imagery for Environmental urban Planning : principaux résultats";"";"2019"
"Full Coverage of the Taiwan Island by InSAR With Sentinel-1 and ALOS Images";"";"2019"
"InSAR Corner Cube at GRSM.";"";"2019"
"Joint analysis of SAR and optical satellite images time series for grassland mowing event detection.";"";"2019"
"Retour d'expérience de l'école OpenMOLE "ExModelo", organisée en partenariat avec le méso-centre du CRIANN";"";"2019"
"Le lieu du texte et celui de la carte";"";"2019"
"Fostering the use of methods for geosimulation models sensitivity analysis and validation";"";"2019"
"Zoome encore un peu… Une interface de saisie de données géographiques qui permet d'être au bon niveau détail";"";"2019"
"Enrichissement d'orthophotographie par des données OpenStreetMap pour l'apprentissage machine";"";"2019"
"Image based rendering of large historical image collections";"";"2019"
"Challenges in Grassland Mowing Event Detection with Multimodal Sentinel Images";"";"2019"
"Generating urban morphologies at large scales";"";"2019"
"Rendu et représentation graphiques d'informations spatio-temporelles";"";"2019"
"Feedbacks on VGI in-situ campaign for updating LULC data";"";"2019"
"Cut-Pursuit Algorithm for Regularizing Nonsmooth Functionals with Graph Total Variation";"";"2019"
"Retrieving relevant land cover and land use data to study urban climate change.";"";"2019"
"Urban morpho-types classification from SPOT-6/7 imagery and Sentinel-2 time series";"";"2019"
"Towards Improving Knowledge Capitalization System for Sport Events Legacy";"";"2019"
"Towards Improving Knowledge Capitalization System for Sport Events Legacy";"";"2019"
"H24 : un modèle multi-agents pour étudier les effets de la ségrégation sociale et temporelle sur les disparités alimentaires en Ile-de-France";"";"2019"
"Finding the Oasis in the Desert Fog? Understanding Multi- Scale Map Reading";"";"2019"
"Valorisation de récits de vie de Républicains espagnols";"";"2019"
"Georeferencing historical ressources";"";"2018"
"Analyse et représentation cartographique de récits de vie de Républicains espagnols";"";"2018"
"Toward automatic georeferencing of archival aerial photogrammetric surveys";"";"2018"
"Semantic evaluation of building 3D models.";"";"2018"
"Automatic matching of heterogeneous data: texts, GPS tracks and geographic resources";"";"2018"
"On the Production of Semantic and Textured 3D Meshes of Large scale Urban Environments from Mobile Mapping Images and LiDAR scans";"";"2018"
"Large-scale Point Cloud Semantic Segmentation with Superpoint Graphs";"";"2018"
"Large scale textured mesh reconstruction from mobile mapping images and lidar scans";"";"2018"
"Qualification sémantique de modèles 3D de bâtiments";"";"2018"
"Weighted simplicial complex reconstruction from mobile laser scanning using sensor topology";"";"2018"
"A Stixel Approach for Enhancing Semantic Image Segmentation Using Prior Map Information";"";"2018"
"The reviewing process for ISPRS events";"";"2018"
"A New Infrared Desert Dust Index over French Guyana Rain forest: First results";"";"2018"
"Underground Visualization: web-app, virtual reality, ex situ and in situ augmented reality.";"";"2018"
"GNSS-assisted accurate corridor mapping with small UAV";"";"2018"
"Detection and area estimation for photovoltaic panels in urban hyperspectral remote sensing data by an original nmf-based unmixing method";"";"2018"
"Suivi d’objet par capteurs visuels et inertiels sur systèmes embarqués";"";"2018"
"Making INSPIRE data discoverable and findable through popular search engines.";"";"2018"
"MapMuxing : multiplexing cartographique pour la gestion de crise";"";"2018"
"Forest stand extraction: which optimal remote sensing data source(s)?";"";"2018"
"Apprentissage de modalités auxiliaires pour la localisation basée vision";"";"2018"
"AN NMF-BASED UNMIXING METHOD WITH KNOWN SPECTRA OF PHOTOVOLTAIC PANELS FOR THEIR DETECTION AND AREA ESTIMATION FROM URBAN HYPERSPECTRAL REMOTE SENSING DATA";"";"2018"
"Comparison between present-day and Holocene deformation in SW Taiwan based on a full coverage of the Taiwan Island by InSAR";"";"2018"
"Semi-automatic development of thematic tactile maps";"";"2023"
"A Benchmark of Nested Named Entity Recognition Approaches in Historical Structured Documents";"";"2023"
"SEMANTIC 3D RECONSTRUCTION USING SATELLITE IMAGERY";"";"2023"
"The FogDetector: A User Survey to Measure Disorientation in Pan-Scalar Maps";"";"2023"
"Automatic Nested Spatial Entity and Spatial Relation Extraction From Text for Knowledge Graph Creation: A Baseline Approach and a Benchmark Dataset";"";"2023"
"Efficient 3D Semantic Segmentation with Superpoint Transformer";"";"2023"
"Re-ranking Image Retrieval in Challenging Geographical Iconographic Heritage Collections";"";"2023"
"COMPARISON OF TWO DATA FUSION APPROACHES FOR LAND USE CLASSIFICATION";"";"2023"
"Panel of sensitive mapping experiments with respect to various sources of information";"";"2023"
"Innovation dynamics in multi-scalar systems of cities";"";"2023"
"Learning Graphical Factor Models with Riemannian Optimization";"";"2023"
"Estimation initiale de la pose avec un échantillonnage aléatoire mais pondéré de paires de triplets redondants d'images";"";"2023"
"FLAIR: a Country-Scale Land Cover Semantic Segmentation Dataset From Multi-Source Optical Imagery";"";"2023"
"Where do people look at during multi-scale map tasks?";"";"2023"
"Clustering for the Analysis and Enrichment of Corpus of Images for the Spatio-temporal Monitoring of Restoration Sites";"";"2023"
"Validation of geosimulation models: a systematic review";"";"2023"
"Analysis of cycling network evolution in OpenStreetMap through a data quality prism";"";"2023"
"Vers une optimisation de la diffusion de l’information dans une ville intelligente";"";"2023"
"Résolution du problème de correspondance dense par apprentissage ensembliste de la similarité";"";"2023"
"Semi-automated Pipeline to Produce Customizable Tactile Maps of Street Intersections for People with Visual Impairments";"";"2023"
"Semantic Segmentation of Urban Textured Meshes Through Point Sampling";"";"2022"
"Automatic Structuring of Photographic Collections for Spatio-Temporal Monitoring of Restoration Sites: Problem Statement and Challenges";"";"2022"
"Deep learning for anchor detection in multi-scale maps";"";"2022"
"Learning Multi-View Aggregation In the Wild for Large-Scale 3D Semantic Segmentation";"";"2022"
"Projective multitexturing of current 3D city models and point clouds with many historical images";"";"2022"
"Classifying triggers of industrial pollution events";"";"2022"
"Representing Vector Geographic Information As a Tensor for Deep Learning Based Map Generalisation";"";"2022"
"Automated construction of a French Entity Linking dataset to geolocate social network posts in the context of natural disasters";"";"2022"
"Location-enabled digital twins – understanding the role of NMCAs in a European context";"";"2022"
"When is a Ring Road a 'Ring Road'? A Brief Perceptual Study";"";"2022"
"A Benchmark of Named Entity Recognition Approaches in Historical Documents Application to 19th Century French Directories";"";"2022"
"A Web GIS to Generate Audio-Tactile Maps for Visually Impaired People";"";"2022"
"Identifying the key resources and missing elements to build a knowledge graph dedicated to spatial dataset search";"";"2022"
"Cross-dataset Learning for Generalizable Land Use Scene Classification";"";"2022"
"ALEGORIA: Joint Multimodal Search and Spatial Navigation into the Geographic Iconographic Heritage";"";"2022"
"A method to produce metadata describing and assessing the quality of spatial landmark datasets in mountain area";"";"2022"
"Deep-Learning Based Multiple Land-Cover Map Translation";"";"2022"
"Innovation and informal knowledge exchanges between firms";"";"2022"
"Complex systems science and urban science: towards applications to sustainability trade-offs in territorial systems";"";"2022"
"Generative adversarial networks to generalise urban areas in topographic maps";"";"2021"
"An attempt to define perceptive and sensitive mapping through lived space experiments";"";"2021"
"Lived and perceived space during lock-down in a sensitive map approach";"";"2021"
"COVID-19 geoviz for spatio-temporal structures detection";"";"2021"
"ICDAR 2021 Competition on Historical Map Segmentation";"";"2021"
"Spatial dataset search: Building a dedicated knowledge graph";"";"2021"
"Vectorization of historical maps using deep edge filtering and closed shape extraction";"";"2021"
"Extracting Event-related Information from a Corpus Regarding Soil Industrial Pollution";"";"2021"
"Modelling and building of a graph database of multi-source landmarks to help emergency mountain rescuers";"";"2021"
"Assessment of Sky Diffuse Irradiance and Building Reflected Irradiance in Cast Shadows";"";"2021"
"How do users interact with Virtual Geographic Environments? Users’ behavior evaluation in urban participatory planning";"";"2021"
"Learning embeddings for cross-time geographic areas represented as graphs";"";"2021"
"AlpineBends - A Benchmark for Deep Learning-Based Generalisation";"";"2021"
"BasqueRoads: A Benchmark for Road Network Selection";"";"2021"
"Correction of systematic radiometric inhomogeneity in scanned aerial campaigns using principal component analysis";"";"2021"
"L'Alpe d'Huez: A Benchmark for Topographic Map Generalisation";"";"2021"
"Cluttering Reduction for Interactive Navigation and Visualization of Historical Images";"";"2021"
"How to Spatialize Geographical Iconographic Heritage";"";"2021"
"Efficiently Distributed Watertight Surface Reconstruction";"";"2021"
"Please, Help Me! I Am Lost in Zoom";"";"2021"
"Lightweight temporal self-Attention for classifying satellite images time series";"";"2020"
"Modeling Sport Events Legacy based on Olympic Games";"";"2020"
"A regression model of spatial accuracy prediction for Openstreetmap buildings";"";"2020"
"Torch-Points3D: A modular multi-task framework for reproducible deep learning on 3D point clouds";"";"2020"
"Moving objects aware sensor mesh fusion for indoor reconstruction from a couple of 2D lidar scans";"";"2020"
"Preface: the 2020 edition of the XXIVth ISPRS congress";"";"2020"
"Constraint Based Evaluation of Generalized Images Generated by Deep Learning";"";"2020"
"Inferring the scale and content of a map using deep learning";"";"2020"
"Opportunities and challenges for augmented reality situated geographical visualization";"";"2020"
"Cross-year multi-modal image retrieval using siamese networks";"";"2020"
"A Spatio-temporal Web-application for the Understanding of the Formation of the Parisian Metropolis";"";"2020"
"Geometric distortion of historical images for 3D visualisation";"";"2020"
"Satellite Image Time Series Classification with Pixel-Set Encoders and Temporal Self-Attention";"";"2020"
"Provably Consistent Distributed Delaunay Triangulation";"";"2020"
"A scala library for spatial sensitivity analysis";"";"2020"
"DIDRO, an integrated tool for levees survey by drone";"";"2019"
"Point Cloud Oversegmentation with Graph-Structured Deep Metric Learning";"";"2019"
"Contour Lines Generation in Karstic Plateaus for Topographic Maps";"";"2019"
"Exploring multiplexing tools for co-visualization in crisis units";"";"2019"
"The "urban" component of the French Land Data and Services Centre (Theia)";"";"2019"
"Fifty shades of Roboto: Text Design Choices and Categories in Multi-Scale Maps";"";"2019"
"Visibility estimation in point clouds with variable density";"";"2019"
"Interactive image geolocalization in an immersive web application";"";"2019"
"Analysis and modelling of remote sensing reflectance during anoxic crisis in the Thau lagoon using satellite images";"";"2019"
"Supervized segmentation with graph-structured deep metric learning";"";"2019"
"The necessary yet complex evaluation of 3D city models: a semantic approach";"";"2019"
"CartAGen: an Open Source Research Platform for Map Generalization";"";"2019"
"Challenging deep image descriptors for retrieval in heterogeneous iconographic collections";"";"2019"
"Perspective-n-Learned-Point: Pose Estimation from Relative Depth";"";"2019"
"Tile & Merge: Distributed Delaunay Triangulations for Cloud Computing";"";"2019"
"Time-Space Tradeoff in Deep Learning Models for Crop Classification on Satellite Multi-Spectral Image Time Series";"";"2019"
"An approach for identifying and analysing reference features and spatial relations used in mountain emergency calls";"";"2019"
"Parallel Cut Pursuit For Minimization of the Graph Total Variation";"";"2019"
"Sensitivity of urban material classification to spatial and spectral configurations from visible to short-wave infrared";"";"2019"
"Piecewise Horizontal 3D Roof Reconstruction from Aerial Lidar";"";"2019"
"Scalable Evaluation of 3D City Models";"";"2019"
"LU-Net: An Efficient Network for 3D LiDAR Point Cloud Semantic Segmentation Based on End-to-End-Learned 3D Features and U-Net";"";"2019"
"Learning Scene Geometry for Visual Localization in Challenging Conditions";"";"2019"
"Geometric Camera Pose Refinement With Learned Depth Maps";"";"2019"
"Vers plus d'expressivité dans les représentations graphiques du territoire";"";"2018"
"Detection and Localization of Traffic Signals with Gps Floating Car Data and Random Forest";"";"2018"
"Suspended Particulate Matter Monitoring with GOCI Images After the Tohoku Tsunami (March 2011)";"";"2018"
"Comparative study of visual saliency maps in the problem of classification of architectural images with Deep CNNs";"";"2018"
"Large-scale Point Cloud Semantic Segmentation with Superpoint Graphs";"";"2018"
"Référencement spatial indirect: modélisation à base de relations et d’objets spatiaux vagues";"";"2018"
"Large-scale Point Cloud Semantic Segmentation with Superpoint Graphs";"";"2018"
"Le vandalisme dans l'information géographique volontaire : apprendre pour mieux détecter ?";"";"2018"
"Semantic signatures for urban visual localization";"";"2018"
"Domain Adaptation for Large Scale Classification of Very High Resolution Satellite Images with Deep Convolutional Neural Networks";"";"2018"
"3D urban geovisualization: in situ augmented and mixed reality experiments";"";"2018"
"Assessing the planimetric accuracy of Paris atlases from the late 18th and 19th centuries";"";"2018"
"Towards Vandalism Detection in OpenStreetMap Through a Data Driven Approach";"";"2018"
"Superpixel Partitioning of Very High Resolution Satellite Images for Large-Scale Classification Perspectives with Deep Convolutional Neural Networks";"";"2018"
"Modèle de conception cartographique intégrant l'expérience utilisateur";"";"2018"
"Modèles et outils pour la publication de métadonnées d'archives géographiques et de leurs données dérivées";"";"2023"
"Création d'un graphe de connaissances géohistorique à partir d'annuaires du commerce parisien du 19 ème siècle: application aux métiers de la photographie";"";"2023"
"Apprendre à combiner l'information géographique pour générer une carte généralisée";"";"2022"
"CDPS: Constrained DTW-Preserving Shapelets";"";"2022"
"Méthode d'évaluation de l'audibilité d'un système d'alerte SAIP";"";"2022"
"ATLANTIS: An ontology to represent the Instructions nautiques";"";"2022"
"ATLANTIS : Une ontologie pour représenter les Instructions nautiques";"";"2022"
"Représentation et combinaison de l'information géographique pour l'apprentissage profond";"";"2022"
"Visual analysis of inconsistencies in hydraulic simulation data";"";"2021"
"Recherche multimodale d'images aériennes multi-date à l'aide d'un réseau siamois";"";"2020"
"Extraction de connaissances pour la description de l'environnement maritime côtier à partir de textes d'aide à la navigation";"";"2020"
"Détection et localisation d'objets 3D par apprentissage profond en topologie capteur";"";"2019"
"Use of low-cost GNSS receivers for Structural Health Monitoring";"";"2018"
"Estimation à la volée du vignettage par ajustement local du gain";"";"2018"
"Structural Health Monitoring using a GPS sensor network";"";"2018"
"Estimation de visibilité dans un nuage de points LiDAR";"";"2018"
"Hemispherical sky radiance measurement using a fish-eye camera";"";"2018"
"Analyse du comportement des contributeurs dans l'Information Géographique Volontaire via la construction de réseaux sociaux";"";"2018"
"City Information Modelling pour des aménagements sobres et durables : potentiel du CIM pour calculer l’intensité urbaine";"";"2023"
"Anthropogenic Activity: Monitoring Surface-Motion Consequences of Human Activities with Spaceborne InSAR";"";"2022"
"Conception de cartes en relief pour les personnes déficientes visuelles";"";"2021"
"Data perspective on environmental mobile crowd sensing";"";"2021"
"Combining Deep Learning and Mathematical Morphology for Historical Map Segmentation";"";"2021"
"Modélisation territoriale incrémentale";"";"2020"
"Geography vs. topology in the evolution of the global container shipping network (1977-2016)";"";"2020"
"Spectral Optimization of Airborne Multispectral Camera for Land Cover Classification: Automatic Feature Selection and Spectral Band Clustering";"";"2019"
"The Origins of Imperfection in Geographic Data";"";"2019"
"Color Theory";"";"2019"
"Geospatial Information Visualization and Extended Reality Displays";"";"2019"
"Decision fusion of remote-sensing data for land cover classification (chap. 11)";"";"2019"
"Origines de l'imperfection des données géographiques";"";"2019"
"Multi-modal Localization for Embedded Systems";"";"2019"
"Potential of Crowdsourced Traces for Detecting Updates in Authoritative Geographic Data";"";"2019"
"Coordinate kinematic models in the International Terrestrial Reference Frame releases";"";"2018"
"Detection and mapping of clear‐cuts with optical satellite images";"";"2018"
"Optimisation de fonction pseudo-booléennes";"";"2018"
"Vegetation cartography from Sentinel-1 radar images";"";"2018"
"Robust estimation with missing values for elliptical distributions";"";"2023"
"Geodata Discoverability";"";"2023"
"Geodata and Tools for Education and Research";"";"2023"
"Entry Separation using a Mixed Visual and Textual Language Model: Application to 19th century French Trade Directories";"";"2023"
"RefinedFields: Radiance Fields Refinement for Unconstrained Scenes";"";"2023"
"Étude exploratoire de données alternatives";"";"2023"
"A Survey and Benchmark of Automatic Surface Reconstruction from Point Clouds";"";"2023"
"BuyTheDips: PathLoss for improved topology-preserving deep learning-based image segmentation";"";"2022"
"The use of Volunteer Geographic Information for producing and maintaining authoritative Land Use and Land Cover data";"";"2022"
"Calibration radiométrique et géométrique d'une caméra fish-eye pour la mesure de l'hémisphère de luminance incidente";"";"2022"
"Spatial Linked Data in Europe";"";"2021"
"Epipolar rectification of a generic camera";"";"2021"
"Initiatives for Providing Data and Tools for Research and Education";"";"2020"
"Fast computation of distances in a tree";"";"2020"
"Improvement of photogrammetric accuracy by modeling and correcting the thermal effect on camera calibration";"";"2019"
"Fast Image and LiDAR alignment based on 3D rendering in sensor topology";"";"2019"
"More surface detail with One-Two-Pixel Matching";"";"2019"
"RIU-Net: Embarrassingly simple semantic segmentation of 3D LiDAR point cloud";"";"2019"
"Semantic evaluation of 3D city models";"";"2018"
"Multi-Agents Systems for Cartographic Generalization: Feedback from Past and On-going Research";"";"2018"
"Temporal Structured Classification of Sentinel 1 and 2 Time Series for Crop Type Mapping";"";"2018"
"Veille scientifique et Technologique du service scientifique du consulat général de France à Hong Kong";"";"2018"
"Tactile street intersection maps for people with visual impairments : exploring the tactile map design and visualizing finger movements to analyze the map reading process";"";"2023"
"Towards an update of Cameroon's land-cover by geospatial imagery analysis and the exploitation of existing cartographic data";"";"2023"
"Learning to translate land-cover maps : several multi-dimensional context-wise solutions";"";"2023"
"Structured Learning of Geospatial Data";"";"2023"
"Mediation model for discovering structured geographical contents";"";"2023"
"Modern vectorization and alignment of historical maps : an application to Paris Atlas (1789-1950)";"";"2023"
"Exploring the potential of deep learning for map generalization";"";"2023"
"Methodological contributions to monitoring Earth Surface changes in 2-D and 3D using multi-platform time series of satellite optical images";"";"2023"
"Building an archive of potentially polluted sites with natural language processing methods";"";"2023"
"Feature matching for multi-epoch historical aerial images";"";"2022"
"Monitoring dynamics of grassland with multi-modal and multi-temporal satellite time series analysis";"";"2022"
"Scaling up and evaluating surface reconstruction from point clouds of open scenes";"";"2022"
"Learning spatio-temporal representations of satellite time series for large-scale crop mapping";"";"2022"
"Assessing the quality of spatial data OpenStreetMap : case of the Republic of Djibouti";"";"2022"
"Learning Surface Reconstruction from Point Clouds in the Wild";"";"2022"
"Generalizable features and image search for multi-source interconnection and analysis";"";"2021"
"Intelligent embedded camera for robust object tracking on mobile platform";"";"2021"
"Learning to translate land-cover maps";"";"2021"
"Contribution of Sentinel-1 data for the continuous monitoring of the tropical forest : Case of French Guiana";"";"2021"
"Visual exploration of historical image collections : an interactive approach through space and time";"";"2021"
"Modeling and Fuzzy Spatial Reasoning for location of victims in mountains areas";"";"2021"
"Modeling and Vague Spatial Reasoning for location of victims in mountains areas.";"";"2021"
"Semantic aware quality evaluation of 3D building models";"";"2020"
"Towards a full France land cover with very high resolution satellite images";"";"2020"
"3D hybrid urban scene semantic mapping from multi-modal data";"";"2020"
"Information Géographique Volontaire : vers un usage conjoint avec l’information géographique institutionnelle";"";"2020"
"Vandalism in voluntereed geographic information : exploratory analysis and proposal for an automatic detection methodology";"";"2020"
"Spatio-temporal analysis of hikers mobilities in the PNR du Massif des Bauges";"";"2020"
"Simplicial complexes reconstruction and generalisation of 3d lidar data in urban scenes";"";"2020"
"3D Hybrid Urban Scene Semantic Mapping From Multi-modal Data";"";"2020"
"100% automatic metrology with UAV photogrammetry and embedded GPS and its application in dike monitoring";"";"2019"
"Using probe vehicle data and machine learning algorithms for road signs detection";"";"2019"
"Simulation of realistic urban shapes of residential development, from the building scale to the entire urban area";"";"2019"
"Trajectography registration by combined datamodel deformation for geometric enriching of existing city models";"";"2019"
"Analysis of the recent deformation in Tunis by interferometry radar SAR";"";"2019"
"Realist shapes of residential development simulation, from the building scale to a whole urban region";"";"2019"
"Vision-based localization with discriminative features from heterogeneous visual data";"";"2019"
"GIS contribution and virtual reality to the modeling and to the simulation of urban traffic";"";"2018"
"Generalization of intermediate representations in a topographic multi-scale map to ease the user navigation";"";"2018"
"Taking into account spatio-temporal correlations of GNSS coordinate time series to improve the determination of majotr tectonic plates compared to Earth center";"";"2018"
"Quality based approach for updating geographic authoritative datasets from crowdsourced GPS traces";"";"2018"
"Precise Geo-referencing of « long » indoor photogrammetric acquisitions";"";"2018"
"MapDraw - an online tool to draw anything you want on top of a map";"";"2023"
"Reconstitution automatique de la généalogie des parcelles et des bâtiments à partir de sources historiques";"";"2023"
"AnchorWhat : Décompositions de cartes pan-scalaires";"";"2023"
"Benchmark of ecodesign LCA tools at neighborhood scale";"";"2023"
"The SUBDENSE project";"";"2023"
"From multiple and highly heterogeneous sources to an open address repository";"";"2023"
"[Poster] A Benchmark of Nested Named Entity Recognition Approaches in Historical Structured Documents";"";"2023"
"Le projet ODDNotebook";"";"2023"
"An efficient Zeeman slower for the ROYMAGE transportable Ytterbium clock";"";"2023"
"AN Yb TRANSPORTABLE CLOCK CONNECTED TO THE REFIMEVE NETWORK";"";"2023"
"City Information Modelling for lifecycle assessment";"";"2022"
"Towards a high flux transportable Ytterbium Optical lattice Clock";"";"2022"
"Products and services of the "Urban" THEIA Scientific expertise Centre";"";"2022"
"ATONTE: towards a new methodology for seed ontology development from texts and experts";"";"2022"
"TOWARDS A HIGH FLUX TRANSPORTABLE YTTERBIUM OPTICAL LATTICE CLOCK AT SYRTE";"";"2022"
"Explorer la théorie des ancres et les espaces cognitifs dans la cartographie multi-échelle";"";"2022"
"Toward enhanced ecodesign of urban project thanks to City Information Modelling";"";"2022"
"A 3D segments based algorithm for heterogeneous data registration";"";"2022"
"Creation of topographic knowledge bases from heterogeneous sources";"";"2021"
"MOBILE YTTERBIUM OPTICAL CLOCK APPLIED TO GEODESIC EXPLORATION";"";"2021"
"New evidences for active folding in SW Taiwan from Sentinel-1 InSAR";"";"2019"
"Modélisation et raisonnement spatial flou pour l'aide à la localisation de victimes en montagne";"";"2019"
"Innovative Methods and Products of the " Urbanization and Artificialization" Scientific Expertise Centre";"";"2019"
"Engraved footprints from the past. Retrieving cartographic geohistorical data from the Cassini Carte de France, 1750-1789";"";"2019"
"Mesurer l'excess commuting à différentes échelles";"";"2019"
"Modeling and Fuzzy Spatial Reasoning for location of victims in mountains areas";"";"2018"
"Projet PEPS MATRICIEL - Lieux des migrants à travers des récits de vie : mots, perceptions, émotions, cartes";"";"2018"
"Potential and limits of Sentinel-1 data for small Alpine glaciers monitoring";"";"2018"
"La vectorisation automatique de cartes anciennes : une voie possible pour caractériser l'évolution des corridors fluviaux à l'échelle régionale ?";"";"2018"
"3D immersive Underground Navigation";"";"2018"
"Automatic vectorization of historical maps: a way to characterize fluvial corridors evolution at a regional scale?";"";"2018"
"Use of corner reflectors with Sentinel-1 SAR images for glacier and moraine monitoring";"";"2018"
